id,input_data,action,model_type,model,framework/library,github__stars1000,citations,open_source/proprietary,license,inference__times,model_sizemb,model_size_normalizedmb,memory_requirementtraining,memory_requirement_normalized__,hardware_aceelerators,minimum_cpu/gpu/tpu_normalized,detailed__documentation?,documentation_link,institution,institution_numeric,repository_link,paper_link
1,Text," Identify and classify named entities such as people, organizations, locations, and more",Named Entity Recognition,Bidirectional-LSTM,Tensorflow,0.35,1678.0,Open source,GPL-3.0 license,,1.147,,4-8 GB,,GPU,1.0,Yes,tf.keras.layers.Bidirectional  |  TensorFlow Core v2.9.1,Kamal Kraj,0.0,https://github.com/kamalkraj/Named-Entity-Recognition-with-Bidirectional-LSTM-CNNs,https://direct.mit.edu/tacl/article-abstract/doi/10.1162/tacl_a_00104/43361
2,Text," Identify and classify named entities such as people, organizations, locations, and more",Named Entity Recognition,BERT,Tensorflow,36.4,41077.0,Open source,Apache-2.0 license,,0.317,,16-32 GB,,GPU/TPU,1.0,Yes,BERT ‚Äî transformers 3.0.2 documentation (huggingface.co),Google,1.0,https://github.com/google-research/bert.git,https://arxiv.org/abs/1810.04805
3,Text," Identify and classify named entities such as people, organizations, locations, and more",Named Entity Recognition,Flair,PyTorch,13.4,10182.0,Open source,MIT license,,7.811,,8-16 GB,,GPU,1.0,Yes,flair/resources/docs at master ¬∑ flairNLP/flair (github.com),Flair,1.0,https://github.com/flairNLP/flair.git,https://www.sciencedirect.com/science/article/pii/S0165178121004315?casa_token=MYCbWhrKM8AAAAAA:ZTFZqUZTOFadjpPgZf0pAq51gcBiMBANaEcx4jL7v7TvsP2XGlaImGmyYmyhy_16u15IAM1RJmk
4,Text," Identify and classify named entities such as people, organizations, locations, and more",Named Entity Recognition,Sequence_tagging,Tensorflow,1.9,2509.0,Open source,Apache-2.0 license,,0.056,,4-8 GB,,GPU,1.0,No,flair PyTorch Model - Model Zoo,Guillaume Genthial ,0.0,https://github.com/guillaumegenthial/sequence_tagging.git,1603.01354v5.pdf (arxiv.org)
5,Text," Identify and classify named entities such as people, organizations, locations, and more",Named Entity Recognition,gluon_nlp,mxnet,2.6,10232.0,Open source,Apache-2.0 license,,11.376,,8-16 GB,,GPU,1.0,Yes,GluonNLP: NLP made easy ‚Äî gluonnlp 0.10.0 documentation,Gluon,1.0,https://github.com/dmlc/gluon-nlp.git,https://www.sciencedirect.com/science/article/pii/S0165178121004315?casa_token=vsCuYugpM8sAAAAA:JPy2HqdqN7lullppd2NTHmqQGgfCyWOzQSMYEQMaKZfTlWUtTZQSnhNsfkLBBJFqR-cMDLJH6hQ
6,Text," Identify and classify named entities such as people, organizations, locations, and more",Named Entity Recognition,tf_ner,Tensorflow,0.93,2524.0,Open source,Apache-2.0 license,,0.147,,4-8 GB,,GPU,1.0,No,https://github.com/guillaumegenthial/tf_ner/blob/master/README.md,Guillaume Genthial,0.0,https://github.com/guillaumegenthial/tf_ner.git,https://arxiv.org/abs/1603.01354
7,Text," Identify and classify named entities such as people, organizations, locations, and more",Named Entity Recognition,ERNIE,Paddle,6.1,475.0,Open source,MIT license,,127.429,,16-32 GB,,GPU,1.0,Yes,https://github.com/PaddlePaddle/ERNIE.git,n.a,0.0,https://github.com/PaddlePaddle/ERNIE.git,https://arxiv.org/abs/1904.09223
8,Text,"assign a part-of-speech tag (e.g., noun, verb, adjective) to each word in the text.",Part-of-Speech(POS) tagging,Transformer XL,Tensorflow,3.2,1969.0,Open source,Apache-2.0 license,,0.115,,32-64 GB,,GPU/TPU,2.0,Yes,Transformer XL ‚Äî transformers 3.0.2 documentation (huggingface.co),Kimi Young,0.0,https://github.com/kimiyoung/transformer-xl.git,https://arxiv.org/abs/1901.02860
9,Text,"assign a part-of-speech tag (e.g., noun, verb, adjective) to each word in the text.",Part-of-Speech(POS) tagging,Sequence_tagging,Tensorflow,1.9,2509.0,Open source,Apache-2.0 license,,0.056,,4-8 GB,,GPU,1.0,No,N.a,Guillaume Genthial ,0.0,guillaumegenthial/sequence_tagging: Named Entity Recognition (LSTM + CRF) - Tensorflow (github.com),End-to-end Sequence Labeling via Bi-directional LSTM-CNNs-CRF (aclanthology.org)
10,Text,"assign a part-of-speech tag (e.g., noun, verb, adjective) to each word in the text.",Part-of-Speech(POS) tagging,zh-ner-tf,Tensorflow,2.1,3156.0,Open source,Apache-2.0 license,,112.39,,4-8 GB,,GPU,1.0,No,N.a,Penghui Wei,0.0,Determined22/zh-NER-TF: A very simple BiLSTM-CRF model for Chinese Named Entity Recognition ‰∏≠ÊñáÂëΩÂêçÂÆû‰ΩìËØÜÂà´ (TensorFlow) (github.com),1508.01991v1.pdf (arxiv.org)
11,Text,"assign a part-of-speech tag (e.g., noun, verb, adjective) to each word in the text.",Part-of-Speech(POS) tagging,NCRF,PyTorch,1.8,164.0,Open source,Apache-2.0 license,,7.125,,4-8 GB,,GPU,1.0,No,N.a,Jie Yang,0.0,"jiesutd/NCRFpp: NCRF++, a Neural Sequence Labeling Toolkit. Easy use to any sequence labeling tasks (e.g. NER, POS, Segmentation). It includes character LSTM/CNN, word LSTM/CNN and softmax/CRF components. (github.com)",[1806.05626] NCRF++: An Open-source Neural Sequence Labeling Toolkit (arxiv.org)
12,Text,"assign a part-of-speech tag (e.g., noun, verb, adjective) to each word in the text.",Part-of-Speech(POS) tagging,targer,PyTorch,0.2,2509.0,Open source,Apache-2.0 license,,120.053,,4-8 GB,,GPU,1.0,No,N.a,Artem Chernodub,0.0,https://github.com/achernodub/targer.git,End-to-end Sequence Labeling via Bi-directional LSTM-CNNs-CRF (aclanthology.org)
13,Text,"assign a part-of-speech tag (e.g., noun, verb, adjective) to each word in the text.",Part-of-Speech(POS) tagging,tf_ner,Tensorflow,0.9,2542.0,Open source,Apache-2.0,,0.147,,4-8 GB,,GPU,1.0,Yes,https://github.com/guillaumegenthial/tf_ner.git,Guillaume Genthial ,0.0,https://github.com/guillaumegenthial/tf_ner.git,https://arxiv.org/abs/1603.01354
14,Text,"assign a part-of-speech tag (e.g., noun, verb, adjective) to each word in the text.",Part-of-Speech(POS) tagging,rnnmorph,?,0.1,434.0,Open source,Apache-2.0,,10.806,,2-4 GB,,CPU,2.0,No,N.a,Ilya Gusev,0.0,https://github.com/IlyaGusev/rnnmorph.git,https://arxiv.org/abs/1604.05529
15,Text,provide answers to questions based on the input data.,Question Answering,BERT_Tensorflow,Tensorflow,0.3,1926.0,Open source,Apache-2.0 license,,93.306,,16-32 GB,,GPU/TPU,1.0,Yes,BERT ‚Äî transformers 3.0.2 documentation (huggingface.co),Google,1.0,https://github.com/huggingface/tflite-android-transformers.git,https://arxiv.org/abs/1910.01108
16,Text,provide answers to questions based on the input data.,Question Answering,RoBERTa,PyTorch,17.2,3595.0,Open source,MIT license,,22.259,,16-32 GB,,GPU,1.0,Yes,RoBERTa (huggingface.co),Facebook,1.0,https://github.com/facebookresearch/fairseq.git,https://arxiv.org/abs/1907.11692
17,Text,provide answers to questions based on the input data.,Question Answering,roberta-base-squad-2,Haystack,4.9,3595.0,Open source,Apache-2.0 license,,16.914,,16-32 GB,,GPU,1.0,No,N.a,deepset ai,1.0,https://github.com/deepset-ai/haystack,https://arxiv.org/abs/1907.11692
18,Text,provide answers to questions based on the input data.,Question Answering,BERT_DeepPavlov,DeepPavlov,5.8,43268.0,Open source,Apache-2.0 license,,40.068,,16-32 GB,,GPU,1.0,Yes,BERT in DeepPavlov ‚Äî DeepPavlov 0.17.4 documentation,DeepPavlov lab,1.0,deepmipt/DeepPavlov: An open source library for deep learning end-to-end dialog systems and chatbots. (github.com),
19,Text,provide answers to questions based on the input data.,Question Answering,Transformers,Paddle,4.6,46166.0,Open source,Apache-2.0 license,,74.249,,16-32 GB,,GPU,1.0,Yes,paddlenlp.transformers ‚Äî PaddleNLP documentation,Paddle,1.0,"PaddlePaddle/PaddleNLP: Easy-to-use and powerful NLP library with Awesome model zoo, supporting wide-range of NLP tasks from research to industrial applications, including Neural Search, Question Answering, Information Extraction and Sentiment Analysis end-to-end system. (github.com)",
20,Text,provide answers to questions based on the input data.,Question Answering,ParlAI,PyTorch,8.9,268.0,Open source,MIT license,,96.427,,8-16 GB,,GPU,1.0,Yes,https://github.com/facebookresearch/ParlAI.git,Facebook,1.0,https://github.com/facebookresearch/ParlAI.git,https://arxiv.org/abs/1705.06476
21,Text,provide answers to questions based on the input data.,Question Answering,haystack,PyTorch,5.0,676.0,Open source,Apache-2.0 license,,18.494,,16-32 GB,,GPU,1.0,Yes,https://github.com/deepset-ai/haystack.git,deepset ai,1.0,https://github.com/deepset-ai/haystack.git,https://arxiv.org/abs/2004.04906
22,Text, Generate a concise summary of the input text.,Text summarization,Seq2seq with Attention,Tensorflow,0.7,150.0,Open source,MIT license,,4.374,,8-16 GB,,GPU,1.0,Yes,yaserkl/RLSeq2Seq: Deep Reinforcement Learning For Sequence to Sequence Models (github.com),Google,1.0,https://github.com/yaserkl/RLSeq2Seq.git,https://ieeexplore.ieee.org/abstract/document/8801910/
23,Text, Generate a concise summary of the input text.,Text summarization,Fairseq,PyTorch,17.2,1555.0,Open source,MIT license,,22.243,,16-32 GB,,GPU,1.0,Yes,fairseq documentation ‚Äî fairseq 0.12.2 documentation,Facebook,1.0,https://github.com/facebookresearch/fairseq.git,https://arxiv.org/abs/1904.01038
24,Text, Generate a concise summary of the input text.,Text summarization,Pegasus,Tensorflow,1.3,610.0,Open source,Apache 2.0 license,,0.357,,32-64 GB,,GPU/TPU,2.0,Yes,Pegasus (huggingface.co),Google,1.0,Google AI Blog: PEGASUS: A State-of-the-Art Model for Abstractive Text Summarization (googleblog.com),google-research/pegasus (github.com)
25,Text, Generate a concise summary of the input text.,Text summarization,BigBird,Tensorflow,0.4,528.0,Open source,Apache 2.0 license,,1.478,,32-64 GB,,GPU/TPU,2.0,Yes,BigBird ‚Äî transformers 4.7.0 documentation (huggingface.co),Google,1.0,google-research/bigbird: Transformers for Longer Sequences (github.com),[2007.14062] Big Bird: Transformers for Longer Sequences (arxiv.org)
26,Text, Generate a concise summary of the input text.,Text summarization,Pointer-Generator network,Tensorflow,2.1,2258.0,Open source,Apache 2.0 license,,0.074,,8-16 GB,,GPU,1.0,No,N.a,Abi See,0.0,"abisee/pointer-generator: Code for the ACL 2017 paper ""Get To The Point: Summarization with Pointer-Generator Networks"" (github.com)",[1704.04368] Get To The Point: Summarization with Pointer-Generator Networks (arxiv.org)
27,Text, Generate a concise summary of the input text.,Text summarization,tensor2tensor,Tensorflow,12.4,46369.0,Open source,Apache 2.0 license,,16.881,,16-32 GB,,GPU/TPU,1.0,No,N.a,n.a,0.0,n.a,https://proceedings.neurips.cc/paper/7181-attention-is-all-you-need
28,Text, Generate a concise summary of the input text.,Text summarization,PaddleNLP,Paddle,4.8,2286.0,Open source,Apache-2.0 license,,74.543,,16-32 GB,,GPU,1.0,Yes,https://github.com/PaddlePaddle/PaddleNLP.git,n.a,0.0,https://github.com/PaddlePaddle/PaddleNLP.git,https://proceedings.neurips.cc/paper/7181-attention-is-all-you-need
29,Text, Generate a concise summary of the input text.,Text summarization,Bert2Bert Small ,Pytorch,6.0,100480.0,Open source,Apache 2.0 license,2.09,247.0,,16-32 GB,,GPU,,No,,,,https://huggingface.co/mrm8488/bert-small2bert-small-finetuned-cnn_daily_mail-summarization/tree/main,
30,Text,"determine the sentiment (positive, negative, or neutral) expressed in the text.",Sentiment Analysis,BERT,Tensorflow,73.8,40855.0,Open source,Apache-2.0 license,,594.238,,16-32 GB,,GPU/TPU,1.0,Yes,BERT ‚Äî transformers 3.0.2 documentation (huggingface.co),Google,1.0,https://github.com/tensorflow/models.git,https://arxiv.org/abs/1810.04805
31,Text,"determine the sentiment (positive, negative, or neutral) expressed in the text.",Sentiment Analysis,TextCNN,Gluon,2.6,1098.0,Open source,Apache-2.0 license,,135.0,,4-8 GB,,GPU,1.0,Yes,Sentiment Analysis ‚Äî gluonnlp 0.10.0 documentation,n.a,0.0,,
32,Text,"determine the sentiment (positive, negative, or neutral) expressed in the text.",Sentiment Analysis,Universal Language Model Fine-tuning for Text Classification,PyTorch,22.4,2676.0,Open source,Apache-2.0 license,,784.379,,8-16 GB,,GPU,1.0,Yes,Welcome to fastai | fastai,Fast ai,1.0,https://github.com/fastai/fastai.git,https://arxiv.org/abs/1801.06146
33,Text,"determine the sentiment (positive, negative, or neutral) expressed in the text.",Sentiment Analysis,Convolutional Neural Networks for Sentence Classification,Paddle,4.4,49.0,Open source,Apache-2.0 license,,72.294,,4-8 GB,,GPU,1.0,Yes,Ê¨¢Ëøé‰ΩøÁî®PaddleNLP ‚Äî PaddleNLP ÊñáÊ°£,Paddle,1.0,https://github.com/PaddlePaddle/PaddleNLP.git,https://uwspace.uwaterloo.ca/handle/10012/9592
34,Text,"determine the sentiment (positive, negative, or neutral) expressed in the text.",Sentiment Analysis,pyText,PyTorch,6.3,14249.0,,BSD,,8.162,,8-16 GB,,GPU,1.0,,¬†,Facebook,1.0,facebookresearch/pytext: A natural language modeling framework based on PyTorch (github.com),https://arxiv.org/abs/1408.5882
35,Text,"determine the sentiment (positive, negative, or neutral) expressed in the text.",Sentiment Analysis,mt-dnn,PyTorch,2.0,156.0,Open source,MIT,,2.053,,16-32 GB,,GPU,1.0,Yes,https://arxiv.org/abs/1911.03437,Namisan,0.0,https://arxiv.org/abs/1911.03437,https://arxiv.org/abs/1911.03437
36,Text,"determine the sentiment (positive, negative, or neutral) expressed in the text.",Sentiment Analysis,DeBERTa,PyTorch,1.0,414.0,Open source,MIT,,0.333,,16-32 GB,,GPU,1.0,Yes,https://deberta.readthedocs.io/en/latest/,Microsoft,1.0,https://github.com/microsoft/DeBERTa.git,https://arxiv.org/abs/2006.03654
37,Text,assign a category or class to the input document based on its content.,Document Classification,Graph Attention Networks_Tensorflow,Tensorflow,0.2,68.0,Open source,Apache-2.0,,5.319,,8-16 GB,,GPU,1.0,Yes,Graph attention network (GAT) for node classification (keras.io),Petar Veliƒçkoviƒá,0.0,PetarV-/GAT: Graph Attention Networks (https://arxiv.org/abs/1710.10903) (github.com),https://dl.acm.org/doi/abs/10.1145/3308558.3313461
38,Text,assign a category or class to the input document based on its content.,Document Classification,Hierarchical Attention Networks for Document Classification,PyTorch,0.6,4233.0,Open source,Apache-2.1,,0.239,,8-16 GB,,GPU,1.0,No,N.a,EDGE,1.0,https://github.com/EdGENetworks/attention-networks-for-classification.git,
39,Text,assign a category or class to the input document based on its content.,Document Classification,Graph Attention Networks_PyTorch,PyTorch,1.7,3710.0,Open source,Apache-2.0,,18.378,,8-16 GB,,GPU,1.0,Yes,"gordicaleksa/pytorch-GAT: My implementation of the original GAT paper (Veliƒçkoviƒá et al.). I've additionally included the playground.py file for visualizing the Cora dataset, GAT embeddings, an attention mechanism, and entropy histograms. I've supported both Cora (transductive) and PPI (inductive) examples! (github.com)",Diego Antognini,0.0,"gordicaleksa/pytorch-GAT: My implementation of the original GAT paper (Veliƒçkoviƒá et al.). I've additionally included the playground.py file for visualizing the Cora dataset, GAT embeddings, an attention mechanism, and entropy histograms. I've supported both Cora (transductive) and PPI (inductive) examples! (github.com)",https://arxiv.org/abs/1710.10903
40,Text,assign a category or class to the input document based on its content.,Document Classification,Graph Convolutional Networks,Tensorflow ,6.4,1230.0,Open source,MIT,,5.208,,8-16 GB,,GPU,1.0,No,N.a,Thomas Kipf,0.0,https://github.com/tkipf/gcn,https://arxiv.org/abs/1603.08861
41,Text,assign a category or class to the input document based on its content.,Document Classification,Specter,PyTorch,0.3,117.0,Open source,Apache-2.0,,0.295,,16-32 GB,,GPU,1.0,No,allenai/specter: SPECTER: Document-level Representation Learning using Citation-informed Transformers (github.com),Allen AI,1.0,allenai/specter: SPECTER: Document-level Representation Learning using Citation-informed Transformers (github.com),https://arxiv.org/abs/2004.07180
42,Text,assign a category or class to the input document based on its content.,Document Classification,DocBert,PyTorch,0.5,235.0,Open source,Apache-2.0,,24.471,,16-32 GB,,GPU,1.0,No,N.a,Castorini,1.0,castorini/hedwig: PyTorch deep learning models for document classification (github.com),https://arxiv.org/abs/1904.08398
43,Text,assign a category or class to the input document based on its content.,Document Classification,GloVe,?,6.0,28966.0,Open source,Apache-2.0,,0.223,,2-4 GB,,CPU,8.0,Yes,https://github.com/stanfordnlp/GloVe.git,Stanford,1.0,https://github.com/stanfordnlp/GloVe.git,https://aclanthology.org/D14-1162.pdf
44,Text,"enerate new text based on the input, such as creative writing, article generation, or dialogue.",Text Generation,SeqGAN,Tensorflow,2.0,1937.0,Open source,MIT license,,4.215,,8-16 GB,,GPU,1.0,Yes,SeqGAN (TensorFlow) ‚Äî cotk documentation (thu-coai.github.io),Lantao Yu,0.0,https://github.com/LantaoYu/SeqGAN.git,https://ojs.aaai.org/index.php/AAAI/article/view/10804
45,Text,"enerate new text based on the input, such as creative writing, article generation, or dialogue.",Text Generation,BART,PyTorch,64.5,2554.0,Open source,Apache-2.0 license,,92.707,,16-32 GB,,GPU,1.0,Yes,BART (huggingface.co),Huggingface,1.0,https://github.com/huggingface/transformers.git,https://arxiv.org/abs/1910.13461
46,Text,"enerate new text based on the input, such as creative writing, article generation, or dialogue.",Text Generation,Char-rnn-tensorflow,Tensorflow,2.6,3936.0,Open source,MIT license,,0.508,,4-8 GB,,GPU,1.0,No,"sherjilozair/char-rnn-tensorflow: Multi-layer Recurrent Neural Networks (LSTM, RNN) for character-level language models in Python using Tensorflow (github.com)",Sherjil Ozair,0.0,"sherjilozair/char-rnn-tensorflow: Multi-layer Recurrent Neural Networks (LSTM, RNN) for character-level language models in Python using Tensorflow (github.com)",https://arxiv.org/abs/1308.0850
47,Text,"enerate new text based on the input, such as creative writing, article generation, or dialogue.",Text Generation,Transformers,PyTorch,65.3,46166.0,Open source,Apache-2.0 license,,94.573,,16-32 GB,,GPU,1.0,Yes,PyTorch-Transformers | PyTorch,HuggingFace,1.0,"huggingface/transformers: ü§ó Transformers: State-of-the-art Machine Learning for Pytorch, TensorFlow, and JAX. (github.com)",https://arxiv.org/pdf/1910.03771v5.pdf
48,Text,"enerate new text based on the input, such as creative writing, article generation, or dialogue.",Text Generation,Unified Language Model Pre-Training,PyTorch,5.8,789.0,Open source,MIT license,,11.637,,16-32 GB,,GPU,1.0,No,N.a,Microsoft,1.0,"microsoft/unilm: Large-scale Self-supervised Pre-training Across Tasks, Languages, and Modalities (github.com)",https://proceedings.neurips.cc/paper/2019/hash/c20bb2d9a50d5ac1f713f8b34d9aac5a-Abstract.html
49,Text,"enerate new text based on the input, such as creative writing, article generation, or dialogue.",Text Generation,neuraltalk2,PyTorch,5.3,,Open source,BSD licensed,,0.37,,8-16 GB,,GPU,1.0,Yes,https://github.com/karpathy/neuraltalk2.git,Karpathy,0.0,https://github.com/karpathy/neuraltalk2.git,
50,Text,"enerate new text based on the input, such as creative writing, article generation, or dialogue.",Text Generation,fairseq,PyTorch,18.1,1555.0,Open source,MIT license,,22.959,,16-32 GB,,GPU,1.0,Yes,https://github.com/facebookresearch/fairseq.git,Facebook,1.0,https://github.com/facebookresearch/fairseq.git,https://arxiv.org/abs/1610.02424
51,Text,translate the input text into another target language.,Machine translation,Attention is all you need,Tensorflow,73.8,43574.0,Open Source,Apache-2.0 license,,594.0,,16-32 GB,,GPU/TPU,1.0,Yes,tensorflow/tensor2tensor: Library of deep learning models and datasets designed to make deep learning more accessible and accelerate ML research. (github.com),Google,1.0,tensorflow/tensor2tensor: Library of deep learning models and datasets designed to make deep learning more accessible and accelerate ML research. (github.com),[1706.03762] Attention Is All You Need (arxiv.org)
52,Text,translate the input text into another target language.,Machine translation,Tensor2tensor,Tensorflow,12.4,43574.0,Open Source,Apache-2.0 license,,16.881,,16-32 GB,,GPU/TPU,1.0,Yes,tensorflow/tensor2tensor: Library of deep learning models and datasets designed to make deep learning more accessible and accelerate ML research. (github.com),Tensorflow,1.0,tensorflow/tensor2tensor: Library of deep learning models and datasets designed to make deep learning more accessible and accelerate ML research. (github.com),[1706.03762] Attention Is All You Need (arxiv.org)
53,Text,translate the input text into another target language.,Machine translation,PyTorch-Seq2Seq,PyTorch,1.4,2886.0,Open Source,Apache-2.0 license,,8.362,,8-16 GB,,GPU,1.0,Yes,PyTorch-Seq2seq: A sequence-to-sequence framework for PyTorch ‚Äî pytorch-seq2seq 0.1.6 documentation (ibm.github.io),IBM,1.0,IBM/pytorch-seq2seq: An open source framework for seq2seq models in PyTorch. (github.com),https://arxiv.org/abs/1705.03122
55,Text,translate the input text into another target language.,Machine translation,nmt-keras,Tensorflow,0.6,25.0,Open Source,MIT,,5.903,,8-16 GB,,GPU,1.0,Yes,https://github.com/lvapeab/nmt-keras.git,Ivapeab,0.0,https://github.com/lvapeab/nmt-keras.git,https://arxiv.org/abs/1807.03096
56,Text,translate the input text into another target language.,Machine translation,sockeye,mxnet,1.1,204.0,Open Source,Apache-2.0 license,,10.018,,8-16 GB,,GPU,1.0,No,N.a,Awslabs,0.0,https://github.com/awslabs/sockeye.git,https://arxiv.org/abs/1712.05690
57,Text,translate the input text into another target language.,Machine translation,marian,?,1.0,408.0,,MIT,,40.84,,8-16 GB,,GPU,1.0,No,N.a,Marian-nmt,0.0,https://github.com/marian-nmt/marian.git,https://arxiv.org/abs/1804.00344
58,Text,translate the input text into another target language.,Machine translation,Fairseq,PyTorch,17.2,1555.0,Open Source,MIT license,,22.242,,16-32 GB,,GPU,1.0,Yes,fairseq documentation ‚Äî fairseq 0.12.2 documentation,Facebook,1.0,https://github.com/facebookresearch/fairseq.git,https://arxiv.org/abs/1904.01038
60,Text,translate the input text into another target language.,Machine translation,Tensorpack,Tensorflow,6.2,13737.0,Open Source,Apache-2.0 license,,9.066,,8-16 GB,,GPU,1.0,Yes,Tensorpack Documentation ‚Äî tensorpack 0.11 documentation,Google,1.0,"tensorpack/tensorpack: A Neural Net Training Interface on TensorFlow, with focus on speed + flexibility (github.com)",
61,Text,translate the input text into another target language.,Machine translation,PyTorch-GAN,PyTorch,12.3,2583.0,Open Source,MIT,,69.709,,8-16 GB,,GPU,1.0,No,N.a,Erik Linder-Noren,0.0,eriklindernoren/PyTorch-GAN: PyTorch implementations of Generative Adversarial Networks. (github.com),[1711.09020] StarGAN: Unified Generative Adversarial Networks for Multi-Domain Image-to-Image Translation (arxiv.org)
62,Text,translate the input text into another target language.,Machine translation,CycleGAN,Tensorflow,11.2,13101.0,Proprietary,BSD,,12.846,,8-16 GB,,GPU,1.0,Yes,CycleGAN  |  TensorFlow Core,Jun-Yan Zhu,0.0,"junyanz/CycleGAN: Software that can generate photos from paintings, turn horses into zebras, perform style transfer, and more. (github.com)",https://arxiv.org/abs/1703.10593
63,Text,translate the input text into another target language.,Machine translation,MUSE,PyTorch,3.0,1295.0,Open Source,Creative Commons Public License,,0.215,,8-16 GB,,GPU,1.0,Yes,https://github.com/facebookresearch/MUSE.git,Facebook,1.0,https://github.com/facebookresearch/MUSE.git,https://arxiv.org/abs/1710.04087
64,Text,translate the input text into another target language.,Machine translation,transformers,PyTorch,66.7,2600.0,Open Source,Apache-2.0 license,0.734,96.081,,16-32 GB,,GPU,1.0,Yes,https://github.com/huggingface/transformers.git,HuggingFace,1.0,https://github.com/huggingface/transformers.git,https://arxiv.org/abs/1907.06616
65,Speech,convert the spoken words into text.,Speech to text,DeepSpeech,Tensorflow,19.6,1907.0,Open source,MPL-2.0 license,,50.672,,8-16 GB,,GPU,1.0,Yes,Welcome to DeepSpeech‚Äôs documentation! ‚Äî Mozilla DeepSpeech 0.9.3 documentation,n.a,0.0,https://github.com/mozilla/DeepSpeech.git,https://arxiv.org/abs/1412.5567
66,Speech,convert the spoken words into text.,Speech to text,"Listen, Attend and Spell",PyTorch,0.2,415.0,Open source,MIT license,,670.0,,8-16 GB,,GPU,1.0,No,N.a,n.a,0.0,https://github.com/kaituoxu/Listen-Attend-Spell.git,https://arxiv.org/abs/1508.01211
67,Speech,convert the spoken words into text.,Speech to text,Neural Collaborative Filtering,Tensorflow,13.3,3579.0,Open source,MIT license,,207.025,,4-8 GB,,GPU,1.0,Yes,microsoft/recommenders: Best Practices on Recommendation Systems (github.com),n.a,0.0,https://github.com/microsoft/recommenders.git,https://dl.acm.org/doi/abs/10.1145/3038912.3052569
68,Speech,convert the spoken words into text.,Speech to text,DeepSpeech 2,Paddle,4.1,2708.0,Open source,Apache-2.0 license,,54.554,,8-16 GB,,GPU,1.0,Yes,PaddleSpeech ‚Äî paddle speech 2.1 documentation,n.a,0.0,https://github.com/PaddlePaddle/PaddleSpeech.git,http://proceedings.mlr.press/v48/amodei16.html?ref=https://codemonkey.link
69,Speech,convert the spoken words into text.,Speech to text,Fairseq S2T,PyTorch,17.2,74.0,Open source,MIT license,,22.259,,16-32 GB,,GPU,1.0,No,N.a,Facebook,1.0,facebookresearch/fairseq: Facebook AI Research Sequence-to-Sequence Toolkit written in Python. (github.com),https://arxiv.org/abs/2010.05171
70,Speech, convert the written text into spoken audio.,Text to speech,Wavenet,Tensorflow,5.2,802.0,Open source,MIT license,,335.0,,8-16 GB,,GPU,1.0,No,N.a,n.a,0.0,https://github.com/ibab/tensorflow-wavenet.git,https://arxiv.org/abs/1609.03499
71,Speech, convert the written text into spoken audio.,Text to speech,fairseq,PyTorch,29.4,2928.0,Open source,MIT license,,204.0,,16-32 GB,,GPU,1.0,Yes,fairseq documentation ‚Äî fairseq 0.12.2 documentation,Facebook,0.0,https://github.com/facebookresearch/fairseq,https://arxiv.org/abs/1904.01038
72,Speech, convert the written text into spoken audio.,Text to speech,waveglow,PyTorch,2.0,681.0,Open source,BSD-3-Clause license,,436.0,,8-16 GB,,GPU,1.0,Yes,WaveGlow | PyTorch,n.a,0.0,N.a,https://ieeexplore.ieee.org/abstract/document/8683143/?casa_token=dQrm6Kz_A4MAAAAA:L9ZATCxS86HQ6vam7WDiJwHr9mPPXNZsHTDtZvmygGPc0ZxCKYIqUcbKB5G6ACM3z3ViclUfPxE
73,Speech, convert the written text into spoken audio.,Text to speech,Tacotron,Tensorflow,35.2,1255.0,Open source,MIT,,369.627,,8-16 GB,,GPU,1.0,No,N.a,Corentin Jemine,0.0,CorentinJ/Real-Time-Voice-Cloning: Clone a voice in 5 seconds to generate arbitrary speech in real-time (github.com),https://arxiv.org/abs/1703.10135
74,Speech, convert the written text into spoken audio.,Text to speech,TTS,PyTorch,5.1,254.0,Open source,MPL-2.0,,132.045,,8-16 GB,,GPU,1.0,No,N.a,Coqui-ai,1.0,"coqui-ai/TTS: üê∏üí¨ - a deep learning toolkit for Text-to-Speech, battle-tested in research and production (github.com)",https://arxiv.org/abs/1710.08969
75,Speech, convert the written text into spoken audio.,Text to speech,PaddleSpeech,Paddle,4.3,487.0,Open source,Apache License,,56.781,,8-16 GB,,GPU,1.0,Yes,https://github.com/PaddlePaddle/PaddleSpeech.git,Paddle,1.0,https://github.com/PaddlePaddle/PaddleSpeech.git,https://proceedings.neurips.cc/paper/2018/hash/6832a7b24bc06775d02b7406880b93fc-Abstract.html
76,Speech, convert the written text into spoken audio.,Text to speech,TensorflowTTS,Tensorflow,1.0,1035.0,Open source,MIT license,,458.0,,8-16 GB,,GPU,1.0,No,N.a,as-ideas,0.0,https://github.com/as-ideas/TransformerTTS.git,
77,Video/Images,detect and localize objects of interest within the input.,Object detection,SSD,MXNet,4.7,22053.0,Open source,MIT license,,108.865,,8-16 GB,,GPU,1.0,Yes,SSD Inference | Apache MXNet,n.a,0.0,https://github.com/amdegroot/ssd.pytorch.git,https://link.springer.com/chapter/10.1007/978-3-319-46448-0_2
78,Video/Images,detect and localize objects of interest within the input.,Object detection,Darknet,Tensorflow,19.2,24875.0,Open source,YOLO license,,14.4,,4-8 GB,,GPU,1.0,Yes,Home ¬∑ AlexeyAB/darknet Wiki (github.com),Alexey,1.0,https://github.com/AlexeyAB/darknet.git,https://www.cv-foundation.org/openaccess/content_cvpr_2016/html/Redmon_You_Only_Look_CVPR_2016_paper.html
79,Video/Images,detect and localize objects of interest within the input.,Object detection,Faster-rcnn,PyTorch,20.0,43763.0,Open source,Apache-2.0 license,,38.675,,8-16 GB,,GPU,1.0,Yes,Faster R-CNN ‚Äî Torchvision main documentation (pytorch.org),n.a,0.0,https://github.com/open-mmlab/mmdetection.git,https://proceedings.neurips.cc/paper/2015/hash/14bfa6bb14875e45bba028a21ed38046-Abstract.html
80,Video/Images,detect and localize objects of interest within the input.,Object detection,Mask-RCNN,Tensorflow,21.8,19289.0,Open source,MIT license,,122.597,,8-16 GB,,GPU,1.0,Yes,matterport/Mask_RCNN: Mask R-CNN for object detection and instance segmentation on Keras and TensorFlow (github.com),MatterPort,1.0,https://github.com/matterport/Mask_RCNN,https://arxiv.org/abs/1703.06870
81,Video/Images,detect and localize objects of interest within the input.,Object detection,Detectron 2,PyTorch,21.2,13858.0,Open source,Apache-2.0 license,,6.102,,8-16 GB,,GPU,1.0,Yes,https://detectron2.readthedocs.io/,Facebook,1.0,"facebookresearch/detectron2: Detectron2 is a platform for object detection, segmentation and other visual recognition tasks. (github.com)",https://arxiv.org/abs/1708.02002
82,Video/Images,detect and localize objects of interest within the input.,Object detection,pytorch-image-models,PyTorch,19.5,87.0,N.a,Apache-2.0 license,,20.495,,4-8 GB,,GPU,1.0,Yes,https://github.com/rwightman/pytorch-image-models.git,rwightman,0.0,https://github.com/rwightman/pytorch-image-models.git,https://arxiv.org/abs/2106.10270
83,Video/Images,detect and localize objects of interest within the input.,Object detection,PaddleOCR,Paddle,23.2,1014.0,Open source,Apache-2.0 license,,328.174,,8-16 GB,,GPU,1.0,Yes,https://github.com/PaddlePaddle/PaddleOCR.git,Paddle,1.0,https://github.com/PaddlePaddle/PaddleOCR.git,http://openaccess.thecvf.com/content_CVPRW_2020/html/w40/Cubuk_Randaugment_Practical_Automated_Data_Augmentation_With_a_Reduced_Search_Space_CVPRW_2020_paper.html
84,Video/Images,estimate the pose or body positioning of people or objects within the input.,Pose estimation,Mask R-CNN,Tensorflow,73.8,19075.0,Open source,Apache-2.0 license,,594.282,,8-16 GB,,GPU,1.0,Yes,matterport/Mask_RCNN: Mask R-CNN for object detection and instance segmentation on Keras and TensorFlow (github.com),n.a,0.0,https://github.com/tensorflow/models.git,http://openaccess.thecvf.com/content_iccv_2017/html/He_Mask_R-CNN_ICCV_2017_paper.html
85,Video/Images,estimate the pose or body positioning of people or objects within the input.,Pose estimation,alpha_post_resnet101,MXNet,5.8,2050.0,Open source,N.a,,70.0,,8-16 GB,,GPU,1.0,Yes,2. Predict with pre-trained AlphaPose Estimation models ‚Äî gluoncv 0.11.0 documentation,n.a,0.0,https://github.com/dmlc/gluon-cv/?tab=readme-ov-file,
86,Video/Images,estimate the pose or body positioning of people or objects within the input.,Pose estimation,Openpose,PyTorch,24.4,7455.0,Proprietary,OpenPose license,,86.46,,8-16 GB,,GPU,1.0,Yes,OpenPose: Class List (cmu-perceptual-computing-lab.github.io),n.a,0.0,"CMU-Perceptual-Computing-Lab/openpose: OpenPose: Real-time multi-person keypoint detection library for body, face, hands, and foot estimation (github.com)",https://arxiv.org/abs/1812.08008
87,Video/Images,estimate the pose or body positioning of people or objects within the input.,Pose estimation,Detectron 2,PyTorch,21.2,13858.0,Open Source,Apache-2.0 license,,6.102,,8-16 GB,,GPU,1.0,Yes,https://detectron2.readthedocs.io/,Facebook,1.0,"facebookresearch/detectron2: Detectron2 is a platform for object detection, segmentation and other visual recognition tasks. (github.com)",https://arxiv.org/abs/1708.02002
88,Video/Images,estimate the pose or body positioning of people or objects within the input.,Pose estimation,mmpose,PyTorch,2.0,4072.0,Open source,Apache-2.0 license,,25.396,,8-16 GB,,GPU,1.0,Yes,open-mmlab/mmpose: OpenMMLab Pose Estimation Toolbox and Benchmark. (github.com),Open-mmlab,1.0,open-mmlab/mmpose: OpenMMLab Pose Estimation Toolbox and Benchmark. (github.com),https://arxiv.org/abs/1603.06937
89,Video/Images,estimate the pose or body positioning of people or objects within the input.,Pose estimation,DeepLabCut,Tensorflow,3.1,59.0,N.a,LGPL-3.0 license,,161.367,,4-8 GB,,GPU,1.0,No,N.a,DeepLabCut,1.0,https://github.com/DeepLabCut/DeepLabCut.git,
90,Video/Images,estimate the pose or body positioning of people or objects within the input.,Pose estimation,AdelaiDet,PyTorch,2.9,2168.0,Propriatary,BSD-2.0 license,,0.648,,8-16 GB,,GPU,1.0,No,N.a,n.a,0.0,https://github.com/aim-uofa/AdelaiDet.git,http://openaccess.thecvf.com/content_ICCV_2019/html/Tian_FCOS_Fully_Convolutional_One-Stage_Object_Detection_ICCV_2019_paper.html
91,Video/Images,assign a label or category to the input image based on its content.,Image classfication,MobileNetV2,MXNet,2.6,9633.0,Open source,MIT license,,21.367,,4-8 GB,,GPU,1.0,Yes,mxnet.gluon.model_zoo.vision.mobilenet ‚Äî Apache MXNet documentation,n.a,0.0,https://github.com/osmr/imgclsmob.git,http://openaccess.thecvf.com/content_cvpr_2018/html/Sandler_MobileNetV2_Inverted_Residuals_CVPR_2018_paper.html
92,Video/Images,assign a label or category to the input image based on its content.,Image classfication,EfficientNet,Tensorflow,4.8,6792.0,Open source,Apache-2.0 license,,46.76,,8-16 GB,,GPU/TPU,1.0,Yes,tf.keras.applications.efficientnet.EfficientNetB1  |  TensorFlow Core v2.9.1,n.a,0.0,https://github.com/tensorflow/tpu.git,http://proceedings.mlr.press/v97/tan19a.html
93,Video/Images,assign a label or category to the input image based on its content.,Image classfication,resnest269,Gluon,5.8,1725.0,Open source,Apache-2.0 license,,32.0,,8-16 GB,,GPU,1.0,Yes,Gluon Documentation (gluonhq.com),n.a,0.0,https://github.com/dmlc/gluon-cv/,
94,Video/Images,assign a label or category to the input image based on its content.,Image classfication,ClassyVision,PyTorch,1.5,359.0,Open source,MIT license,,4.543,,8-16 GB,,GPU,1.0,Yes,Classy Vision ¬∑ An end-to-end framework for image and video classification,n.a,0.0,https://github.com/facebookresearch/ClassyVision.git,https://arxiv.org/abs/1708.03888
95,Video/Images,assign a label or category to the input image based on its content.,Image classfication,SqueezeNet,Caffe2,0.4,5746.0,Open source,BSD-2-Clause license,,0.577,,4-8 GB,,GPU,1.0,No,N.a,n.a,0.0,https://github.com/songhan/SqueezeNet-Deep-Compression.git,https://arxiv.org/abs/1602.07360
96,Video/Images,assign a label or category to the input image based on its content.,Image classfication,Super-gradients,PyTorch,0.4,1068.0,Open source,Apache-2.0 license,,43.795,,8-16 GB,,GPU,1.0,Yes,https://github.com/Deci-AI/super-gradients.git,Deci AI,0.0,https://github.com/Deci-AI/super-gradients.git,http://openaccess.thecvf.com/content_CVPRW_2020/html/w28/Wang_CSPNet_A_New_Backbone_That_Can_Enhance_Learning_Capability_of_CVPRW_2020_paper.html
97,Video/Images,assign a label or category to the input image based on its content.,Image classfication,vissl,PyTorch,2.7,89.0,Open source,MIT license,,19.81,,16-32 GB,,GPU,2.0,Yes,https://github.com/facebookresearch/vissl.git,Facebook,1.0,https://github.com/facebookresearch/vissl.git,https://proceedings.neurips.cc/paper/2021/hash/a655fbe4b8d7439994aa37ddad80de56-Abstract.html
98,Video/Images,identify and classify the actions performed by people or objects in the input video.,Action recognition,Non-local neural networks,Caffe2,1.9,5424.0,Open source,Creative Commons Public license,,4.527,,8-16 GB,,GPU,1.0,Yes,facebookresearch/video-nonlocal-net: Non-local Neural Networks for Video Classification (github.com),n.a,0.0,https://github.com/facebookresearch/video-nonlocal-net.git,http://openaccess.thecvf.com/content_cvpr_2018/html/Wang_Non-Local_Neural_Networks_CVPR_2018_paper.html
99,Video/Images,identify and classify the actions performed by people or objects in the input video.,Action recognition,Grad-Cam++,Tensorflow,0.3,944.0,Open source,N.a,,7.061,,4-8 GB,,GPU,1.0,Yes,Grad-CAM class activation visualization (keras.io),n.a,0.0,https://github.com/adityac94/Grad_CAM_plus_plus.git,https://ieeexplore.ieee.org/abstract/document/8354201/?casa_token=B7kjKcrnGooAAAAA:fuFMNlRZRZlvL8zABgjnQYMeIcQXYkdWWvFo0Mvav_LfYIk8SH9N8y5S3uSAzIfkF7DwtfxlZ4o
100,Video/Images,identify and classify the actions performed by people or objects in the input video.,Action recognition,slowfast,Gluon,0.0,0.0,Open source,N.a,,,,16-32 GB,,GPU,2.0,Yes,Gluon Documentation (gluonhq.com),n.a,0.0,,
101,Video/Images,identify and classify the actions performed by people or objects in the input video.,Action recognition,3D-ResNets-PyTorch,PyTorch,3.3,53.0,Open source,MIT license,,0.336,,16-32 GB,,GPU,2.0,Yes,3D ResNet | PyTorch,n.a,0.0,https://github.com/kenshohara/3D-ResNets-PyTorch.git,https://arxiv.org/abs/2004.04968
102,Video/Images,identify and classify the actions performed by people or objects in the input video.,Action recognition,PaddleDetection(non-local-neural-networks),Paddle,0.0,10632.0,Open source,,,0.0,,8-16 GB,,GPU,1.0,No,https://arxiv.org/abs/1711.07971,n.a,0.0,,https://arxiv.org/abs/1711.07971
103,Video/Images,identify and classify the actions performed by people or objects in the input video.,Action recognition,Towhee,PyTorch,0.8,69.0,Open source,Apache-2.0,,34.159,,16-32 GB,,GPU,1.0,yes,https://github.com/towhee-io/towhee.git,Towhee-io,0.0,https://github.com/towhee-io/towhee.git,https://openaccess.thecvf.com/content/CVPR2022/html/Liu_Swin_Transformer_V2_Scaling_Up_Capacity_and_Resolution_CVPR_2022_paper.html
104,Video/Images,identify and classify the actions performed by people or objects in the input video.,Action recognition,scenic,JAX,1.1,12.0,Open source,Apache-2.0,,25.641,,16-32 GB,,GPU/TPU,1.0,Yes,https://github.com/google-research/scenic.git,Google,1.0,https://github.com/google-research/scenic.git,https://openaccess.thecvf.com/content/CVPR2022/html/Yan_Multiview_Transformers_for_Video_Recognition_CVPR_2022_paper.html
105,Video/Images," assign a semantic label to each pixel in the input image, effectively segmenting the image into meaningful regions or objects.",Semantic Segmentation,Fully convolutional Networks for Semantic Segmentation,Caffe2,3.2,27308.0,Open source,,,0.254,,8-16 GB,,GPU,1.0,Yes,caffe-cvpr15-pixels.pdf (berkeleyvision.org),n.a,0.0,https://github.com/shelhamer/fcn.berkeleyvision.org.git,http://openaccess.thecvf.com/content_cvpr_2015/html/Long_Fully_Convolutional_Networks_2015_CVPR_paper.html
106,Video/Images," assign a semantic label to each pixel in the input image, effectively segmenting the image into meaningful regions or objects.",Semantic Segmentation,SegNet,MXNet,2.6,11328.0,Open source,MIT license,,21.367,,8-16 GB,,GPU,1.0,Yes,Semantic Segmentation ‚Äî gluoncv 0.11.0 documentation,n.a,0.0,https://github.com/osmr/imgclsmob.git,https://ieeexplore.ieee.org/abstract/document/7803544/
107,Video/Images," assign a semantic label to each pixel in the input image, effectively segmenting the image into meaningful regions or objects.",Semantic Segmentation,Mask R-CNN,Tensorflow,73.8,19654.0,Open source,Apache-2.0 license,,594.282,,8-16 GB,,GPU,1.0,Yes,matterport/Mask_RCNN: Mask R-CNN for object detection and instance segmentation on Keras and TensorFlow (github.com),n.a,0.0,https://github.com/tensorflow/models.git,http://openaccess.thecvf.com/content/ICCV2021/html/Birodkar_The_Surprising_Impact_of_Mask-Head_Architecture_on_Novel_Class_Segmentation_ICCV_2021_paper.html
108,Video/Images," assign a semantic label to each pixel in the input image, effectively segmenting the image into meaningful regions or objects.",Semantic Segmentation,deeplab_resnet_152_coco,Gluon,0.0,0.0,Open source,N.a,,,,16-32 GB,,GPU,1.0,Yes,Gluon Documentation (gluonhq.com),n.a,0.0,,https://arxiv.org/abs/1612.03716
109,Video/Images," assign a semantic label to each pixel in the input image, effectively segmenting the image into meaningful regions or objects.",Semantic Segmentation,Pytorch-semantic-segmentation,PyTorch,4.3,757.0,Open source,BSD-3-Clause license,,5.159,,8-16 GB,,GPU,1.0,Yes,CSAILVision/semantic-segmentation-pytorch: Pytorch implementation for Semantic Segmentation/Scene Parsing on MIT ADE20K dataset (github.com),n.a,0.0,https://github.com/CSAILVision/semantic-segmentation-pytorch.git,https://link.springer.com/article/10.1007/s11263-018-1140-0
110,Video/Images," assign a semantic label to each pixel in the input image, effectively segmenting the image into meaningful regions or objects.",Semantic Segmentation,imgclsmob,mxnet,2.6,44951.0,Open source,MIT,,21.367,,4-8 GB,,GPU,1.0,No,N.a,n.a,0.0,https://github.com/osmr/imgclsmob.git,https://link.springer.com/chapter/10.1007/978-3-319-24574-4_28
111,Video/Images," assign a semantic label to each pixel in the input image, effectively segmenting the image into meaningful regions or objects.",Semantic Segmentation,segmentation-models,Tensorflow,4.0,0.0,Open source,MIT,,1.873,,4-8 GB,,GPU,1.0,Yes,https://github.com/qubvel/segmentation_models.git,n.a,0.0,https://github.com/qubvel/segmentation_models.git,https://arxiv.org/abs/2201.02107
116,Tabular data," recommend relevant items (e.g., products, movies, music) to users based on their preferences and behaviors.",Recommender systems,mildnet,Tensorflow,0.08,4.0,Proprietary,Apache-2.0 license,,2.736,,4-8 GB,,GPU,1.0,Yes,https://github.com/gofynd/mildnet.git,gofynd,0.0,https://github.com/gofynd/mildnet.git,https://arxiv.org/abs/1903.00905
117,Tabular data," recommend relevant items (e.g., products, movies, music) to users based on their preferences and behaviors.",Recommender systems,ParlAI,PyTorch,8.9,429.0,Open source ,MIT,,1046.0,,8-16 GB,,GPU,1.0,No,N.a,Facebook,1.0,https://github.com/facebookresearch/ParlAI.git,
118,Tabular data," recommend relevant items (e.g., products, movies, music) to users based on their preferences and behaviors.",Recommender systems,PaddleRec,Paddle,3.2,267.0,N.a,Apache-2.0 license,,184.416,,8-16 GB,,GPU,1.0,Yes,https://github.com/PaddlePaddle/PaddleRec.git,PaddlePaddle,1.0,https://github.com/PaddlePaddle/PaddleRec.git,https://arxiv.org/abs/1906.00091
119,Tabular data," recommend relevant items (e.g., products, movies, music) to users based on their preferences and behaviors.",Recommender systems,FuxiCTR,PyTorch,0.3,87.0,Open source,Apache-2.0 license,,0.733,,8-16 GB,,GPU,1.0,Yes,https://github.com/xue-pai/FuxiCTR.git,Xue-p ai,0.0,https://github.com/xue-pai/FuxiCTR.git,https://dl.acm.org/doi/abs/10.1145/3308558.3313497?casa_token=IeLcnqo6AjYAAAAA:ySsAzSyKCx_pm5lm9ORuTmhGZNd221kkTXZg431qcixPQXqrKoAdHJQPuyEAJ0A236LEZcmbW1QtMQ
120,Tabular data,predict future values based on historical patterns.,Forecast (time series forcast),Temporal Fusion Transformers for Interpretable Multi-horizon Time Series Forecasting,Tensorflow,23.6,107.0,Open source,Apache-2.0 license,,345.126,,16-32 GB,,GPU/TPU,1.0,Yes,greatwhiz/tft_tf2: Temporal Fusion Transformers for Tensorflow 2.x (github.com),N.a,0.0,https://github.com/google-research/google-research.git,https://arxiv.org/abs/1912.09363
122,Tabular data,predict future values based on historical patterns.,Forecast (time series forcast),darts,PyTorch,4.3,12.0,Open source,Apache-2.0 license,,102.753,,4-8 GB,,GPU,1.0,Yes,https://github.com/unit8co/darts.git,N.a,0.0,https://github.com/unit8co/darts.git,https://www.jmlr.org/papers/volume23/21-1177/21-1177.pdf
123,Tabular data,predict future values based on historical patterns.,Forecast (time series forcast),gluon-ts,mxnet,2.8,207.0,Open source,Apache-2.0 license,,11.638,,8-16 GB,,GPU,1.0,Yes,https://github.com/awslabs/gluon-ts.git,awslab,1.0,https://github.com/awslabs/gluon-ts.git,https://www.sciencedirect.com/science/article/pii/S0169207021000637
124,Tabular data,predict future values based on historical patterns.,Forecast (time series forcast),qlib,PyTorch,8.8,12.0,Open source,MIT license,,16.068,,16-32 GB,,GPU,1.0,Yes,https://github.com/microsoft/qlib.git,Microsoft ,1.0,https://github.com/microsoft/qlib.git,https://dl.acm.org/doi/abs/10.1145/3459637.3482315?casa_token=iOmNJfagh8MAAAAA:2fIYJLt4krmbGseVpRYNmAwSqnYOqkn4-UOnasGpSJ47s3t7p5gakMRT38e_DE0t2A-JUQIOLWtlzA
125,Tabular data,predict future values based on historical patterns.,Forecast (time series forcast),DCRNN,Tensorflow,0.9,1378.0,Open source,MIT license,,131.01,,8-16 GB,,GPU,1.0,Yes,https://github.com/liyaguang/DCRNN.git,liyaguang,0.0,https://github.com/liyaguang/DCRNN.git,https://arxiv.org/abs/1707.01926
126,Tabular data,predict future values based on historical patterns.,Forecast (time series forcast),pytorch_geometric_temporal,PyTorch,1.6,150.0,Open source,MIT license,,13.758,,8-16 GB,,GPU,1.0,Yes,https://github.com/benedekrozemberczki/pytorch_geometric_temporal.git,Benedekrozemberczki,0.0,https://github.com/benedekrozemberczki/pytorch_geometric_temporal.git,https://proceedings.neurips.cc/paper/2020/hash/ce1aad92b939420fc17005e5461e6f48-Abstract.html
128,Text,perform sentence classification based on papers,Sentence Classification ,Convolutional Neural Networks for Sentence Classification,PyTorch,0.054,490.0,Open source,GPL-3.0,,127.0,,4-8 GB,,GPU,1.0,Yes,N.a,N.a,0.0,https://github.com/davidsbatista/ConvNets-for-Sentence-Classification/tree/master,https://aclanthology.org/D14-1181.pdf
129,Tabular data,predict future values based on historical patterns.,Forecast (time series forcast),DeepCTR,Tensorflow,7.4,42.0,,Apache-2.0 license,,7.462,,8-16 GB,,GPU,1.0,Yes,https://github.com/shenweichen/DeepCTR.git,N.a,0.0,https://github.com/shenweichen/DeepCTR.git,https://arxiv.org/abs/1804.04950
